Fund Name,Fund Number
BDC,310138
Bulldog Club,310138
Bulldog Club Points,310138
zBDC Points,310138
GIK,310138
Gifts-in-Kind,310138
MEMORIAL,310138
Memorial Fund,310138
Endowed Scholarships,310138
Club Level East,311196
CS,311209
Basketball Courtside Seating,311209
FBSKYBOX,311210
East Side Skybox,311210
Football Skybox,311210
NRNORTH,311219
Women's Athletic Support Fund,311221
BULLDOG_SPRINT,311222
Bulldog Sprint Campaign,311222
NORTHBOX,311761
FB North Suite,311761
FB North Suites,311761
North Suite,311761
North Box,311761
GRIDIRON,311762
Gridiron Club,311762
NORTHPREM,311763
North End Zone Premium Seats,311763
DNFSEAT,312879
Dudy Noble Field Chairback,312879
DNFSUITE,312880
Dudy Noble Field Diamond Suite,312880
DNFCLUB,312881
Dudy Noble Field Club/Loge,312881
DNFBACKSTOP,312882
Dudy Noble Field Backstop,312882
DNFLFL,312883
Dudy Noble Field Left Field Lounge,312883
DNFLOFT,312884
Dudy Noble Field Left Field Loft,312884
FACILITIES,400527
Facilities,400527
INTERCOLLEGIATE,400605
Intercollegiate Fund,400605
TTF,402552
TTF Facilities Initiative,402552
Palmeiro Baseball Practice Facility,402554
BBPRACFAC,402586
Basketball Practice Facility,402586
Basketball Enhancement Fund,402586
BBSKYBOX,402587
Baseball Skybox,402587
FOOTBALLMH,402617
Football Motor Home Facilities,402617
Football Motorhome Facilities,402617
FB Motorhome Facilities,402617
DWSBRICK,402618
DWS Brick Campaign,402618
TTF-FBNORTH,402618
FBNorthSuite,402618
TTF Facilities Initiative (DWS Expansion),402618
TTF-GOLF,402626
TTF Facilities Initiative (Golf),402626
TTF-SOFTBALL,402635
TTF Facilities Initiative (Softball),402635
Baseball Alumni Skybox,402685
BBALUMNISKYBOX,402685
BKBLOCKER,402708
Basketball Locker Rooms,402708
TTF-BASEBALL,402732
TTF Facilities Initiative (Baseball),402732
BASEBALLMH,402752
BB Motorhome Facilities,402752
BB Moterhome Facilities,402752
TTF Facilities Initiative (Soccer),402755
BASKETBALLMH,402772
BK Motorhome Facilities,402772
TTF Facilities Initiative (Tennis),403013
